<?xml version="1.0" encoding="UTF-8"?>
<project-private xmlns="http://www.netbeans.org/ns/project-private/1">
    <editor-bookmarks xmlns="http://www.netbeans.org/ns/editor-bookmarks/2" lastBookmarkId="0"/>
    <open-files xmlns="http://www.netbeans.org/ns/projectui-open-files/2">
        <group>
            <file>file:/C:/Users/Asus/Documents/AppRentCar/src/View/CarManagement.java</file>
            <file>file:/C:/Users/Asus/Documents/AppRentCar/src/View/Login.java</file>
            <file>file:/C:/Users/Asus/Documents/AppRentCar/src/View/Register.java</file>
            <file>file:/C:/Users/Asus/Documents/AppRentCar/src/View/TransactionManagement.java</file>
            <file>file:/C:/Users/Asus/Documents/AppRentCar/src/View/Transaksi.java</file>
            <file>file:/C:/Users/Asus/Documents/AppRentCar/src/View/UserManagement.java</file>
            <file>file:/C:/Users/Asus/Documents/AppRentCar/src/View/LandingPage.java</file>
            <file>file:/C:/Users/Asus/Documents/AppRentCar/src/Entity/Koneksi.java</file>
        </group>
    </open-files>
</project-private>
